,aantal_cilinders,emissiecode_omschrijving,jaar,cilinderinhoud
0,1.0,0.0,1963,194.5
1,1.0,0.0,1964,200.0
2,1.0,0.0,1968,300.0
3,1.0,0.0,1983,298.0
4,1.0,0.0,2005,198.0
5,1.0,0.0,2006,715.0
6,1.0,0.0,2007,298.0
7,1.0,0.0,2008,242.75
8,1.0,0.0,2009,279.0
9,1.0,0.0,2010,324.0
10,1.0,0.0,2011,246.0
11,1.0,0.0,2012,298.0
12,1.0,0.0,2013,1609.0
13,1.0,0.0,2015,289.0
14,1.0,0.0,2016,245.0
15,1.0,0.0,2017,309.0
16,1.0,0.0,2018,6750.0
17,1.0,0.0,2019,280.3333333333333
18,1.0,0.0,2020,264.3333333333333
19,1.0,0.0,2021,554.25
20,1.0,0.0,2022,591.25
21,1.0,4.0,2000,338.0
22,1.0,4.0,2009,299.0
23,1.0,4.0,2005,1308.0
24,1.0,4.0,2014,1360.0
25,1.0,4.0,2020,1308.0
26,1.0,4.0,2022,1308.0
27,1.0,5.0,2013,1968.0
28,1.0,5.0,2014,2143.0
29,1.0,5.0,2015,503.0
30,1.0,6.0,2018,2287.0
31,1.0,6.0,2019,300.0
32,1.0,6.0,2022,1968.0
33,2.0,0.0,1951,690.0
34,2.0,0.0,1952,944.5
35,2.0,0.0,1955,845.0
36,2.0,0.0,1957,337.0
37,2.0,0.0,1958,393.0
38,2.0,0.0,1959,510.5
39,2.0,0.0,1960,505.625
40,2.0,0.0,1961,521.6666666666666
41,2.0,0.0,1962,638.2
42,2.0,0.0,1963,624.625
43,2.0,0.0,1964,587.8
44,2.0,0.0,1965,645.2857142857143
45,2.0,0.0,1966,651.3333333333334
46,2.0,0.0,1967,632.8333333333334
47,2.0,0.0,1968,533.7058823529412
48,2.0,0.0,1969,575.0588235294117
49,2.0,0.0,1970,610.2702702702703
50,2.0,0.0,1971,559.9583333333334
51,2.0,0.0,1972,596.5405405405405
52,2.0,0.0,1973,684.6176470588235
53,2.0,0.0,1974,649.5813953488372
54,2.0,0.0,1975,610.56
55,2.0,0.0,1976,642.3103448275862
56,2.0,0.0,1977,649.2272727272727
57,2.0,0.0,1978,615.1379310344828
58,2.0,0.0,1979,601.8275862068965
59,2.0,0.0,1980,676.3939393939394
60,2.0,0.0,1981,681.1343283582089
61,2.0,0.0,1982,605.0
62,2.0,0.0,1983,602.006711409396
63,2.0,0.0,1984,603.9545454545455
64,2.0,0.0,1985,603.4176706827309
65,2.0,0.0,1986,603.2736974262398
66,2.0,0.0,1987,603.0640138408304
67,2.0,0.0,1988,615.0641025641025
68,2.0,0.0,1989,607.1951219512196
69,2.0,0.0,1990,603.8190476190476
70,2.0,0.0,1991,605.4893617021277
71,2.0,0.0,1992,594.8205128205128
72,2.0,0.0,1993,598.9607843137255
73,2.0,0.0,1994,601.0714285714286
74,2.0,0.0,1995,590.3373493975904
75,2.0,0.0,1996,598.7910447761194
76,2.0,0.0,1997,599.6466165413534
77,2.0,0.0,1998,600.2700729927008
78,2.0,0.0,1999,600.3538461538461
79,2.0,0.0,2000,600.6938775510204
80,2.0,0.0,2001,600.1630434782609
81,2.0,0.0,2002,606.5945945945946
82,2.0,0.0,2003,602.0
83,2.0,0.0,2004,594.5978260869565
84,2.0,0.0,2005,584.1214953271028
85,2.0,0.0,2006,590.027972027972
86,2.0,0.0,2007,578.734693877551
87,2.0,0.0,2008,592.4734042553191
88,2.0,0.0,2009,612.2
89,2.0,0.0,2010,575.0
90,2.0,0.0,2011,585.8581081081081
91,2.0,0.0,2012,595.5510204081633
92,2.0,0.0,2013,556.3064516129032
93,2.0,0.0,2014,581.4583333333334
94,2.0,0.0,2015,595.5065789473684
95,2.0,0.0,2016,576.1818181818181
96,2.0,0.0,2017,604.7692307692307
97,2.0,0.0,2018,614.5652173913044
98,2.0,0.0,2019,597.0059523809524
99,2.0,0.0,2020,608.3130841121496
100,2.0,0.0,2021,611.9835390946502
101,2.0,0.0,2022,595.3127147766323
102,2.0,0.0,2023,575.2142857142857
103,2.0,1.0,1992,665.0
104,2.0,1.0,1994,602.0
105,2.0,1.0,1995,648.1538461538462
106,2.0,1.0,1997,652.0
107,2.0,1.0,1998,602.0
108,2.0,1.0,2000,602.0
109,2.0,1.0,2002,704.0
110,2.0,1.0,2003,602.0
111,2.0,1.0,2005,598.0
112,2.0,1.0,2006,652.0
113,2.0,1.0,2008,1308.0
114,2.0,1.0,2009,652.0
115,2.0,1.0,2010,652.0
116,2.0,1.0,2012,1146.0
117,2.0,1.0,2014,652.0
118,2.0,1.0,2015,652.0
119,2.0,1.0,2016,853.3333333333334
120,2.0,1.0,2017,667.3333333333334
121,2.0,1.0,2018,602.0
122,2.0,1.0,2019,1100.6666666666667
123,2.0,1.0,2020,826.75
124,2.0,1.0,2021,976.0
125,2.0,1.0,2022,980.0
126,2.0,2.0,1996,652.0
127,2.0,2.0,1997,652.0
128,2.0,2.0,1998,652.0
129,2.0,2.0,1999,413.0
130,2.0,2.0,2005,651.6
131,2.0,2.0,2006,652.0
132,2.0,2.0,2007,644.0
133,2.0,2.0,2008,1268.6
134,2.0,2.0,2009,652.0
135,2.0,2.0,2012,1340.0
136,2.0,2.0,2015,650.0
137,2.0,2.0,2016,975.0
138,2.0,2.0,2019,639.5
139,2.0,2.0,2021,652.0
140,2.0,2.0,2022,1308.0
141,2.0,2.0,2023,652.0
142,2.0,4.0,2004,652.0
143,2.0,4.0,2005,652.0
144,2.0,4.0,2006,652.0
145,2.0,4.0,2007,652.0
146,2.0,4.0,2009,652.0
147,2.0,4.0,2013,652.0
148,2.0,4.0,2014,650.0
149,2.0,4.0,2016,652.0
150,2.0,4.0,2017,799.0
151,2.0,4.0,2018,1308.0
152,2.0,4.0,2019,1330.0
153,2.0,4.0,2020,3410.5
154,2.0,4.0,2021,1308.0
155,2.0,4.0,2022,1306.0
156,2.0,4.0,2004,1308.0
157,2.0,4.0,2006,1308.0
158,2.0,4.0,2010,997.0
159,2.0,4.0,2011,1308.0
160,2.0,4.0,2013,998.0
161,2.0,4.0,2014,1268.5
162,2.0,4.0,2016,1003.0
163,2.0,4.0,2017,1198.0
164,2.0,4.0,2019,1240.2222222222222
165,2.0,4.0,2020,1308.0
166,2.0,4.0,2021,1308.0
167,2.0,4.0,2022,1308.0
168,2.0,5.0,2010,875.0
169,2.0,5.0,2011,875.0
170,2.0,5.0,2012,875.724269985639
171,2.0,5.0,2013,900.4896149949342
172,2.0,5.0,2014,898.534
173,2.0,5.0,2015,875.3853820598007
174,2.0,5.0,2016,875.0
175,2.0,5.0,2017,875.6760124610591
176,2.0,5.0,2018,880.1974789915967
177,2.0,5.0,2019,876.8469945355191
178,2.0,5.0,2020,877.989247311828
179,2.0,5.0,2021,876.1946308724832
180,2.0,5.0,2022,880.8
181,2.0,5.0,2023,875.0
182,2.0,6.0,1972,499.0
183,2.0,6.0,2013,885.4242671009772
184,2.0,6.0,2014,900.7480875558585
185,2.0,6.0,2015,888.1966832888786
186,2.0,6.0,2016,880.1649457241197
187,2.0,6.0,2017,882.4525078584119
188,2.0,6.0,2018,876.5101034208433
189,2.0,6.0,2019,872.7501601537476
190,2.0,6.0,2020,870.1569920844328
191,2.0,6.0,2021,855.8611987381704
192,2.0,6.0,2022,869.3333333333334
193,2.0,6.0,2023,865.88
194,3.0,0.0,1955,896.0
195,3.0,0.0,1956,896.0
196,3.0,0.0,1957,896.0
197,3.0,0.0,1958,863.0
198,3.0,0.0,1959,803.0
199,3.0,0.0,1960,886.0
200,3.0,0.0,1961,860.5
201,3.0,0.0,1962,878.2
202,3.0,0.0,1963,965.4
203,3.0,0.0,1964,985.25
204,3.0,0.0,1965,842.0
205,3.0,0.0,1966,843.0
206,3.0,0.0,1967,994.5
207,3.0,0.0,1970,658.0
208,3.0,0.0,1971,475.0
209,3.0,0.0,1972,737.5
210,3.0,0.0,1973,1000.0
211,3.0,0.0,1975,1177.0
212,3.0,0.0,1978,999.5
213,3.0,0.0,1979,1000.0
214,3.0,0.0,1982,747.3333333333334
215,3.0,0.0,1983,981.8235294117648
216,3.0,0.0,1984,973.6071428571429
217,3.0,0.0,1985,987.2903225806451
218,3.0,0.0,1986,880.327868852459
219,3.0,0.0,1987,886.2424242424242
220,3.0,0.0,1988,873.6066666666667
221,3.0,0.0,1989,856.5942028985507
222,3.0,0.0,1990,852.0566037735849
223,3.0,0.0,1991,870.9205298013245
224,3.0,0.0,1992,886.295918367347
225,3.0,0.0,1993,993.0
226,3.0,0.0,1994,963.6
227,3.0,0.0,1995,860.0
228,3.0,0.0,1996,953.8
229,3.0,0.0,1997,993.0
230,3.0,0.0,1998,726.5
231,3.0,0.0,1999,943.75
232,3.0,0.0,2000,993.0
233,3.0,0.0,2001,1189.0
234,3.0,0.0,2003,827.0
235,3.0,0.0,2004,898.0
236,3.0,0.0,2005,920.4285714285714
237,3.0,0.0,2006,1086.3333333333333
238,3.0,0.0,2007,927.2222222222222
239,3.0,0.0,2008,898.5
240,3.0,0.0,2009,890.8571428571429
241,3.0,0.0,2010,919.125
242,3.0,0.0,2011,916.0
243,3.0,0.0,2012,899.4285714285714
244,3.0,0.0,2013,879.0909090909091
245,3.0,0.0,2014,872.5
246,3.0,0.0,2015,998.2857142857143
247,3.0,0.0,2016,1108.1666666666667
248,3.0,0.0,2017,909.1
249,3.0,0.0,2018,921.6666666666666
250,3.0,0.0,2019,908.4615384615385
251,3.0,0.0,2020,767.9444444444445
252,3.0,0.0,2021,844.2941176470588
253,3.0,0.0,2022,891.0
254,3.0,0.0,2023,916.5
255,3.0,1.0,1992,976.3541666666666
256,3.0,1.0,1993,945.2589285714286
257,3.0,1.0,1994,923.0090909090909
258,3.0,1.0,1995,907.5701357466063
259,3.0,1.0,1996,846.5
260,3.0,1.0,1998,909.0
261,3.0,1.0,1999,846.0
262,3.0,1.0,2000,833.1666666666666
263,3.0,1.0,2001,720.3333333333334
264,3.0,1.0,2002,1189.0
265,3.0,1.0,2005,923.0
266,3.0,1.0,2006,657.0
267,3.0,1.0,2007,657.0
268,3.0,1.0,2008,657.3333333333334
269,3.0,1.0,2009,1309.5
270,3.0,1.0,2010,993.0
271,3.0,1.0,2011,1190.0
272,3.0,1.0,2013,834.6666666666666
273,3.0,1.0,2014,656.0
274,3.0,1.0,2015,825.0
275,3.0,1.0,2016,657.0
276,3.0,1.0,2017,658.0
277,3.0,1.0,2018,657.0
278,3.0,1.0,2019,658.5
279,3.0,1.0,2020,713.1666666666666
280,3.0,1.0,2021,790.0
281,3.0,1.0,2022,923.1666666666666
282,3.0,1.0,2023,657.0
283,3.0,2.0,1995,1189.0
284,3.0,2.0,1996,892.6927710843373
285,3.0,2.0,1997,871.4419642857143
286,3.0,2.0,1998,884.1452991452992
287,3.0,2.0,1999,858.8197381671702
288,3.0,2.0,2000,845.485036119711
289,3.0,2.0,2001,895.2777777777778
290,3.0,2.0,2002,880.3939393939394
291,3.0,2.0,2003,795.2962962962963
292,3.0,2.0,2004,768.15
293,3.0,2.0,2005,814.625
294,3.0,2.0,2006,875.4666666666667
295,3.0,2.0,2007,870.3333333333334
296,3.0,2.0,2008,936.5
297,3.0,2.0,2009,874.1428571428571
298,3.0,2.0,2010,978.0
299,3.0,2.0,2011,887.3333333333334
300,3.0,2.0,2012,973.0
301,3.0,2.0,2013,919.8333333333334
302,3.0,2.0,2014,858.0
303,3.0,2.0,2015,781.0
304,3.0,2.0,2016,794.2727272727273
305,3.0,2.0,2017,859.0
306,3.0,2.0,2018,934.3333333333334
307,3.0,2.0,2019,698.6666666666666
308,3.0,2.0,2020,879.5
309,3.0,2.0,2021,814.625
310,3.0,2.0,2022,681.2
311,3.0,2.0,2023,973.0
312,3.0,4.0,1999,1191.0
313,3.0,4.0,2000,881.1020408163265
314,3.0,4.0,2001,813.393690851735
315,3.0,4.0,2002,839.5693365212194
316,3.0,4.0,2003,903.3319536423841
317,3.0,4.0,2004,843.3373702422145
318,3.0,4.0,2005,845.8721374045801
319,3.0,4.0,2006,1076.56
320,3.0,4.0,2007,1061.2125
321,3.0,4.0,2008,1060.3037974683543
322,3.0,4.0,2009,1112.525
323,3.0,4.0,2010,1103.7359413202935
324,3.0,4.0,2011,1095.1291390728477
325,3.0,4.0,2012,1122.4041095890411
326,3.0,4.0,2013,1133.88
327,3.0,4.0,2014,1143.070938215103
328,3.0,4.0,2015,1124.4492307692308
329,3.0,4.0,2016,1097.121739130435
330,3.0,4.0,2017,1086.8260869565217
331,3.0,4.0,2018,994.7777777777778
332,3.0,4.0,2019,1118.9795918367347
333,3.0,4.0,2020,1071.8843537414966
334,3.0,4.0,2021,1043.099290780142
335,3.0,4.0,2022,1017.8360655737705
336,3.0,4.0,2023,1056.7083333333333
337,3.0,4.0,2000,973.0
338,3.0,4.0,2001,973.8241758241758
339,3.0,4.0,2002,1112.8936170212767
340,3.0,4.0,2003,991.7670641447369
341,3.0,4.0,2004,1007.9868978028624
342,3.0,4.0,2005,1018.4140587385652
343,3.0,4.0,2006,1015.1990009549695
344,3.0,4.0,2007,1028.4811613934353
345,3.0,4.0,2008,1007.892183088126
346,3.0,4.0,2009,1009.6420886777124
347,3.0,4.0,2010,1006.5328201307839
348,3.0,4.0,2011,1009.8392519833774
349,3.0,4.0,2012,1017.2041480276536
350,3.0,4.0,2013,1021.6848157709458
351,3.0,4.0,2014,1028.728170083523
352,3.0,4.0,2015,1030.979020979021
353,3.0,4.0,2016,1036.4261239368166
354,3.0,4.0,2017,1040.9900805951643
355,3.0,4.0,2018,1038.007345379756
356,3.0,4.0,2019,1038.1377276669557
357,3.0,4.0,2020,1033.0548319327731
358,3.0,4.0,2021,1039.3414193548388
359,3.0,4.0,2022,1037.0347666971638
360,3.0,4.0,2023,1048.2162849872773
361,3.0,5.0,2009,1013.1715445154944
362,3.0,5.0,2010,1076.8422005170928
363,3.0,5.0,2011,1055.0186041975924
364,3.0,5.0,2012,1038.5882727394066
365,3.0,5.0,2013,1018.8607332734931
366,3.0,5.0,2014,1017.0073073703811
367,3.0,5.0,2015,1002.444661649236
368,3.0,5.0,2016,1028.216752201736
369,3.0,5.0,2017,1048.669658267173
370,3.0,5.0,2018,1050.5066758975374
371,3.0,5.0,2019,1047.3590474251985
372,3.0,5.0,2020,1050.76051625239
373,3.0,5.0,2021,1057.6992161037454
374,3.0,5.0,2022,1057.8084075636818
375,3.0,5.0,2023,1059.3120452708165
376,3.0,6.0,2013,999.0
377,3.0,6.0,2014,1233.269922212619
378,3.0,6.0,2015,1088.2248937677055
379,3.0,6.0,2016,1053.189767964507
380,3.0,6.0,2017,1054.0152709493414
381,3.0,6.0,2018,1052.7652384419205
382,3.0,6.0,2019,1070.9928869378314
383,3.0,6.0,2020,1102.0122829022453
384,3.0,6.0,2021,1109.7754728416737
385,3.0,6.0,2022,1112.011613850272
386,3.0,6.0,2023,1097.9607244934004
387,4.0,0.0,1950,570.0
388,4.0,0.0,1951,1084.7142857142858
389,4.0,0.0,1952,2122.4444444444443
390,4.0,0.0,1953,1424.3157894736842
391,4.0,0.0,1954,1470.7666666666667
392,4.0,0.0,1955,1265.3461538461538
393,4.0,0.0,1956,1717.225
394,4.0,0.0,1957,1567.2941176470588
395,4.0,0.0,1958,1253.8095238095239
396,4.0,0.0,1959,1733.5
397,4.0,0.0,1960,1490.448275862069
398,4.0,0.0,1961,1602.3636363636363
399,4.0,0.0,1962,1583.1136363636363
400,4.0,0.0,1963,1531.341463414634
401,4.0,0.0,1964,1538.327868852459
402,4.0,0.0,1965,1571.1898734177216
403,4.0,0.0,1966,1501.7173913043478
404,4.0,0.0,1967,1626.6979166666667
405,4.0,0.0,1968,1473.86
406,4.0,0.0,1969,1494.0424242424242
407,4.0,0.0,1970,1502.8198757763976
408,4.0,0.0,1971,1599.555
409,4.0,0.0,1972,1550.8347107438017
410,4.0,0.0,1973,1529.045112781955
411,4.0,0.0,1974,1642.3660714285713
412,4.0,0.0,1975,1786.0330188679245
413,4.0,0.0,1976,1773.6178343949045
414,4.0,0.0,1977,1856.6989795918366
415,4.0,0.0,1978,1905.3636363636363
416,4.0,0.0,1979,1865.889344262295
417,4.0,0.0,1980,1894.0740740740741
418,4.0,0.0,1981,1837.157894736842
419,4.0,0.0,1982,1821.3658536585365
420,4.0,0.0,1983,1610.1237677984666
421,4.0,0.0,1984,1581.7454100367197
422,4.0,0.0,1985,1575.6233450418806
423,4.0,0.0,1986,1584.785925378648
424,4.0,0.0,1987,1602.3986170809194
425,4.0,0.0,1988,1617.26425394258
426,4.0,0.0,1989,1632.264058234759
427,4.0,0.0,1990,1655.664858525143
428,4.0,0.0,1991,1655.735886844411
429,4.0,0.0,1992,1697.255311148712
430,4.0,0.0,1993,1858.1461538461538
431,4.0,0.0,1994,1820.6048537647791
432,4.0,0.0,1995,1820.4599322799097
433,4.0,0.0,1996,1816.102030192608
434,4.0,0.0,1997,1814.8328884143086
435,4.0,0.0,1998,1802.4126126126125
436,4.0,0.0,1999,1788.9356936416184
437,4.0,0.0,2000,1793.4290429042903
438,4.0,0.0,2001,1838.8082051282051
439,4.0,0.0,2002,1862.88322147651
440,4.0,0.0,2003,1913.251724137931
441,4.0,0.0,2004,1813.8979187314173
442,4.0,0.0,2005,1838.6506364922207
443,4.0,0.0,2006,1824.7060669456066
444,4.0,0.0,2007,1846.4239323843417
445,4.0,0.0,2008,1860.738301559792
446,4.0,0.0,2009,1919.5428039702233
447,4.0,0.0,2010,1958.3754972155928
448,4.0,0.0,2011,1941.8675966715614
449,4.0,0.0,2012,1930.3922818791946
450,4.0,0.0,2013,1867.994256999282
451,4.0,0.0,2014,1803.252245508982
452,4.0,0.0,2015,1791.5065597667638
453,4.0,0.0,2016,1756.4452449567723
454,4.0,0.0,2017,1782.529207232267
455,4.0,0.0,2018,1749.137106918239
456,4.0,0.0,2019,1778.8924669350201
457,4.0,0.0,2020,1760.0663856691253
458,4.0,0.0,2021,1807.2594458438286
459,4.0,0.0,2022,1761.1960104076322
460,4.0,0.0,2023,1763.406976744186
461,4.0,1.0,1990,1163.0
462,4.0,1.0,1991,998.0
463,4.0,1.0,1992,1685.745137880987
464,4.0,1.0,1993,1660.6331383519837
465,4.0,1.0,1994,1597.4976992261034
466,4.0,1.0,1995,1600.8356705013016
467,4.0,1.0,1996,1746.0863636363636
468,4.0,1.0,1997,1794.9476439790576
469,4.0,1.0,1998,1718.3880597014925
470,4.0,1.0,1999,1757.5307262569831
471,4.0,1.0,2000,1782.1305595408896
472,4.0,1.0,2001,1783.172
473,4.0,1.0,2002,1793.0650793650793
474,4.0,1.0,2003,1812.9551282051282
475,4.0,1.0,2004,1807.0663716814158
476,4.0,1.0,2005,1804.1271676300578
477,4.0,1.0,2006,1819.9228395061727
478,4.0,1.0,2007,1844.1737588652481
479,4.0,1.0,2008,1941.6939655172414
480,4.0,1.0,2009,2050.791044776119
481,4.0,1.0,2010,2073.71320754717
482,4.0,1.0,2011,2082.4333333333334
483,4.0,1.0,2012,2099.013043478261
484,4.0,1.0,2013,2040.1485714285714
485,4.0,1.0,2014,2230.456043956044
486,4.0,1.0,2015,2076.193370165746
487,4.0,1.0,2016,2071.3403141361255
488,4.0,1.0,2017,2025.9384615384615
489,4.0,1.0,2018,2067.3705583756346
490,4.0,1.0,2019,2025.9848484848485
491,4.0,1.0,2020,1959.8634146341462
492,4.0,1.0,2021,1898.551867219917
493,4.0,1.0,2022,1848.9922480620155
494,4.0,1.0,2023,1782.8367346938776
495,4.0,2.0,1993,1797.0
496,4.0,2.0,1994,1512.4285714285713
497,4.0,2.0,1995,1823.625
498,4.0,2.0,1996,1587.9663865546217
499,4.0,2.0,1997,1593.176652814507
500,4.0,2.0,1998,1531.0957100591716
501,4.0,2.0,1999,1499.8895544739798
502,4.0,2.0,2000,1511.8421160549517
503,4.0,2.0,2001,1612.6095505617977
504,4.0,2.0,2002,1774.8319218241043
505,4.0,2.0,2003,1754.1846846846847
506,4.0,2.0,2004,1738.9825620389001
507,4.0,2.0,2005,1775.019152640743
508,4.0,2.0,2006,1757.5304606240713
509,4.0,2.0,2007,1790.305641936917
510,4.0,2.0,2008,1796.4044198895028
511,4.0,2.0,2009,1847.3500619578685
512,4.0,2.0,2010,1854.2801302931596
513,4.0,2.0,2011,1927.1811023622047
514,4.0,2.0,2012,1929.1804511278197
515,4.0,2.0,2013,1924.1575562700964
516,4.0,2.0,2014,1851.4479889042996
517,4.0,2.0,2015,1839.0720390720392
518,4.0,2.0,2016,1882.1048387096773
519,4.0,2.0,2017,1913.1648793565685
520,4.0,2.0,2018,1887.7444751381215
521,4.0,2.0,2019,1887.9251700680272
522,4.0,2.0,2020,1884.608695652174
523,4.0,2.0,2021,1856.564053537285
524,4.0,2.0,2022,1873.9274376417234
525,4.0,2.0,2023,1843.3440860215053
526,4.0,4.0,1989,2495.0
527,4.0,4.0,1991,1781.0
528,4.0,4.0,1999,1873.3181818181818
529,4.0,4.0,2000,1471.2735074019847
530,4.0,4.0,2001,1505.0194876033058
531,4.0,4.0,2002,1506.2168354640544
532,4.0,4.0,2003,1551.0554259183525
533,4.0,4.0,2004,1533.6533747139408
534,4.0,4.0,2005,1503.2616510481405
535,4.0,4.0,2006,1573.5000934288385
536,4.0,4.0,2007,1710.2889485158478
537,4.0,4.0,2008,1821.1678492239469
538,4.0,4.0,2009,1804.6404286008653
539,4.0,4.0,2010,1770.2952434039391
540,4.0,4.0,2011,1782.2151898734178
541,4.0,4.0,2012,1795.7022471910113
542,4.0,4.0,2013,1735.9772431729518
543,4.0,4.0,2014,1641.8594116115594
544,4.0,4.0,2015,1653.816027689031
545,4.0,4.0,2016,1747.7965494791667
546,4.0,4.0,2017,1824.3587313160772
547,4.0,4.0,2018,1884.3520668834185
548,4.0,4.0,2019,1876.1203751954142
549,4.0,4.0,2020,1784.9796246648793
550,4.0,4.0,2021,1825.162147505423
551,4.0,4.0,2022,1899.3233532934132
552,4.0,4.0,2023,1840.04
553,4.0,4.0,1999,1984.0
554,4.0,4.0,2000,1458.9773897751538
555,4.0,4.0,2001,1483.6085999072786
556,4.0,4.0,2002,1503.178788227746
557,4.0,4.0,2003,1513.2777265155964
558,4.0,4.0,2004,1535.4833069417712
559,4.0,4.0,2005,1580.393519036954
560,4.0,4.0,2006,1566.8993493795997
561,4.0,4.0,2007,1574.391158297177
562,4.0,4.0,2008,1547.136717239165
563,4.0,4.0,2009,1535.7009009869976
564,4.0,4.0,2010,1480.2068028681028
565,4.0,4.0,2011,1696.9050626988583
566,4.0,4.0,2012,1739.4704676728154
567,4.0,4.0,2013,1636.8281529363223
568,4.0,4.0,2014,1581.3345327336333
569,4.0,4.0,2015,1564.0815889436676
570,4.0,4.0,2016,1547.2972119936876
571,4.0,4.0,2017,1551.9374761326158
572,4.0,4.0,2018,1572.403950033761
573,4.0,4.0,2019,1586.772312835579
574,4.0,4.0,2020,1595.3419411177645
575,4.0,4.0,2021,1621.1002896207988
576,4.0,4.0,2022,1648.5836567485985
577,4.0,4.0,2023,1645.3541430192963
578,4.0,5.0,2000,1834.0
579,4.0,5.0,2002,1197.0
580,4.0,5.0,2004,2290.0
581,4.0,5.0,2006,2148.0
582,4.0,5.0,2007,2092.0
583,4.0,5.0,2008,1783.992998833139
584,4.0,5.0,2009,1580.894280762565
585,4.0,5.0,2010,1514.1904513554268
586,4.0,5.0,2011,1453.5660746910853
587,4.0,5.0,2012,1481.8056187338364
588,4.0,5.0,2013,1533.4032341456448
589,4.0,5.0,2014,1525.6097979128213
590,4.0,5.0,2015,1527.6321892342148
591,4.0,5.0,2016,1585.7525008267196
592,4.0,5.0,2017,1591.915599511407
593,4.0,5.0,2018,1579.3175570941407
594,4.0,5.0,2019,1556.7626797458477
595,4.0,5.0,2020,1537.3227216990954
596,4.0,5.0,2021,1548.8597812485516
597,4.0,5.0,2022,1568.4461400694004
598,4.0,5.0,2023,1545.2255813953489
599,4.0,6.0,1969,1108.0
600,4.0,6.0,1979,1962.0
601,4.0,6.0,2007,2148.0
602,4.0,6.0,2010,1968.0
603,4.0,6.0,2011,2018.0
604,4.0,6.0,2012,1629.5325865580448
605,4.0,6.0,2013,1656.6596782302665
606,4.0,6.0,2014,1636.3232904467632
607,4.0,6.0,2015,1595.0044881717238
608,4.0,6.0,2016,1571.3032600503316
609,4.0,6.0,2017,1585.0281847413642
610,4.0,6.0,2018,1615.7891899940441
611,4.0,6.0,2019,1633.7928139348444
612,4.0,6.0,2020,1634.1018257188216
613,4.0,6.0,2021,1668.8572609245382
614,4.0,6.0,2022,1687.9780786873678
615,4.0,6.0,2023,1672.005699609471
616,5.0,0.0,1967,2319.0
617,5.0,0.0,1969,2799.5
618,5.0,0.0,1971,2833.3333333333335
619,5.0,0.0,1972,2747.5
620,5.0,0.0,1973,2797.0
621,5.0,0.0,1974,2999.285714285714
622,5.0,0.0,1975,3005.0
623,5.0,0.0,1976,2286.0
624,5.0,0.0,1977,2851.181818181818
625,5.0,0.0,1978,2830.2727272727275
626,5.0,0.0,1979,2807.0
627,5.0,0.0,1980,2896.5833333333335
628,5.0,0.0,1981,2679.75
629,5.0,0.0,1982,2766.875
630,5.0,0.0,1983,2400.086956521739
631,5.0,0.0,1984,2424.5757575757575
632,5.0,0.0,1985,2279.9758064516127
633,5.0,0.0,1986,2288.5380116959063
634,5.0,0.0,1987,2340.6992481203006
635,5.0,0.0,1988,2367.4245283018868
636,5.0,0.0,1989,2360.2719298245615
637,5.0,0.0,1990,2340.622950819672
638,5.0,0.0,1991,2380.632258064516
639,5.0,0.0,1992,2383.2123552123553
640,5.0,0.0,1993,2225.4285714285716
641,5.0,0.0,1994,2241.603773584906
642,5.0,0.0,1995,2297.3650793650795
643,5.0,0.0,1996,2379.521126760563
644,5.0,0.0,1997,2346.837837837838
645,5.0,0.0,1998,2384.813186813187
646,5.0,0.0,1999,2358.8655462184875
647,5.0,0.0,2000,2392.3522727272725
648,5.0,0.0,2001,2395.866666666667
649,5.0,0.0,2002,2372.475
650,5.0,0.0,2003,2433.846153846154
651,5.0,0.0,2004,2615.6721311475408
652,5.0,0.0,2005,2839.809090909091
653,5.0,0.0,2006,2761.1739130434785
654,5.0,0.0,2007,2778.28384279476
655,5.0,0.0,2008,2647.683035714286
656,5.0,0.0,2009,2600.1875
657,5.0,0.0,2010,2622.990291262136
658,5.0,0.0,2011,2577.1659292035397
659,5.0,0.0,2012,2562.1003344481605
660,5.0,0.0,2013,2544.7319587628867
661,5.0,0.0,2014,2520.288888888889
662,5.0,0.0,2015,2416.0714285714284
663,5.0,0.0,2016,2556.5
664,5.0,0.0,2017,2845.4883720930234
665,5.0,0.0,2018,2612.4848484848485
666,5.0,0.0,2019,2844.8285714285716
667,5.0,0.0,2020,2731.818181818182
668,5.0,0.0,2021,2693.597222222222
669,5.0,0.0,2022,2669.9886363636365
670,5.0,0.0,2023,2770.3333333333335
671,5.0,1.0,1992,2398.2608695652175
672,5.0,1.0,1993,2401.0072202166066
673,5.0,1.0,1994,2392.5760456273765
674,5.0,1.0,1995,2349.134020618557
675,5.0,1.0,1996,2373.6875
676,5.0,1.0,1997,2393.6666666666665
677,5.0,1.0,1998,2348.767441860465
678,5.0,1.0,1999,2365.8
679,5.0,1.0,2000,2319.364864864865
680,5.0,1.0,2001,2337.858974358974
681,5.0,1.0,2002,2327.134328358209
682,5.0,1.0,2003,2283.741176470588
683,5.0,1.0,2004,2277.980198019802
684,5.0,1.0,2005,2292.5285714285715
685,5.0,1.0,2006,2259.3829787234044
686,5.0,1.0,2007,2306.5393258426966
687,5.0,1.0,2008,2334.294117647059
688,5.0,1.0,2009,2361.176470588235
689,5.0,1.0,2010,2346.578431372549
690,5.0,1.0,2011,2370.361904761905
691,5.0,1.0,2012,2395.0882352941176
692,5.0,1.0,2013,2393.1639344262294
693,5.0,1.0,2014,2385.7301587301586
694,5.0,1.0,2015,2401.3023255813955
695,5.0,1.0,2016,2369.225
696,5.0,1.0,2017,2384.2368421052633
697,5.0,1.0,2018,2376.051282051282
698,5.0,1.0,2019,2382.0
699,5.0,1.0,2020,2355.575
700,5.0,1.0,2021,2417.1
701,5.0,1.0,2022,2463.4117647058824
702,5.0,1.0,2023,2605.4444444444443
703,5.0,2.0,1995,2370.0
704,5.0,2.0,1996,2388.7821276595746
705,5.0,2.0,1997,2416.1290944123316
706,5.0,2.0,1998,2421.916850950907
707,5.0,2.0,1999,2422.2937241159607
708,5.0,2.0,2000,2379.880583409298
709,5.0,2.0,2001,2462.257053291536
710,5.0,2.0,2002,2453.0697674418607
711,5.0,2.0,2003,2395.299212598425
712,5.0,2.0,2004,2396.1485714285714
713,5.0,2.0,2005,2390.2555555555555
714,5.0,2.0,2006,2394.234146341463
715,5.0,2.0,2007,2399.7806691449814
716,5.0,2.0,2008,2398.1176470588234
717,5.0,2.0,2009,2432.5555555555557
718,5.0,2.0,2010,2462.4072398190046
719,5.0,2.0,2011,2464.19375
720,5.0,2.0,2012,2446.8963414634145
721,5.0,2.0,2013,2462.6145833333335
722,5.0,2.0,2014,2439.295918367347
723,5.0,2.0,2015,2444.2440476190477
724,5.0,2.0,2016,2439.548387096774
725,5.0,2.0,2017,2430.879781420765
726,5.0,2.0,2018,2424.8355263157896
727,5.0,2.0,2019,2412.944
728,5.0,2.0,2020,2390.1530612244896
729,5.0,2.0,2021,2449.246753246753
730,5.0,2.0,2022,2444.5789473684213
731,5.0,2.0,2023,2507.9
732,5.0,4.0,1999,2435.0
733,5.0,4.0,2000,2430.3573751108484
734,5.0,4.0,2001,2431.831980818886
735,5.0,4.0,2002,2442.3850777934936
736,5.0,4.0,2003,2458.002578648788
737,5.0,4.0,2004,2433.4139194139193
738,5.0,4.0,2005,2440.9759839893263
739,5.0,4.0,2006,2455.666978484565
740,5.0,4.0,2007,2425.326241134752
741,5.0,4.0,2008,2434.2496878901375
742,5.0,4.0,2009,2430.8693693693695
743,5.0,4.0,2010,2441.4561717352417
744,5.0,4.0,2011,2432.805491990847
745,5.0,4.0,2012,2444.27972027972
746,5.0,4.0,2013,2456.1033333333335
747,5.0,4.0,2014,2475.8745980707395
748,5.0,4.0,2015,2446.5146341463415
749,5.0,4.0,2016,2444.1350364963505
750,5.0,4.0,2017,2441.64263322884
751,5.0,4.0,2018,2442.0637037037036
752,5.0,4.0,2019,2439.8642201834864
753,5.0,4.0,2020,2431.5825242718447
754,5.0,4.0,2021,2448.4323308270677
755,5.0,4.0,2022,2474.2017543859647
756,5.0,4.0,2023,2381.2571428571428
757,5.0,4.0,2000,2324.0
758,5.0,4.0,2001,2325.03007518797
759,5.0,4.0,2002,2417.5521023765996
760,5.0,4.0,2003,2445.358516866462
761,5.0,4.0,2004,2455.1080236193125
762,5.0,4.0,2005,2447.519674580774
763,5.0,4.0,2006,2432.5691542288555
764,5.0,4.0,2007,2440.421723300971
765,5.0,4.0,2008,2456.8997647058823
766,5.0,4.0,2009,2442.5197640117995
767,5.0,4.0,2010,2440.0280401416767
768,5.0,4.0,2011,2449.9880715705767
769,5.0,4.0,2012,2443.771954674221
770,5.0,4.0,2013,2448.5007072135786
771,5.0,4.0,2014,2449.102523659306
772,5.0,4.0,2015,2451.7622549019607
773,5.0,4.0,2016,2448.4
774,5.0,4.0,2017,2451.5392156862745
775,5.0,4.0,2018,2469.0089619118744
776,5.0,4.0,2019,2484.667839549613
777,5.0,4.0,2020,2484.4
778,5.0,4.0,2021,2492.6979919678715
779,5.0,4.0,2022,2483.0803474484255
780,5.0,4.0,2023,2494.0523255813955
781,5.0,5.0,2008,2461.0
782,5.0,5.0,2009,2465.7125
783,5.0,5.0,2010,2218.158851674641
784,5.0,5.0,2011,2148.2012731130644
785,5.0,5.0,2012,2121.599829351536
786,5.0,5.0,2013,2286.9280164896145
787,5.0,5.0,2014,2327.6114249843063
788,5.0,5.0,2015,2263.978349120433
789,5.0,5.0,2016,2160.2081043956046
790,5.0,5.0,2017,2144.7626062322947
791,5.0,5.0,2018,2146.4062078272605
792,5.0,5.0,2019,2178.341346153846
793,5.0,5.0,2020,2251.6716791979948
794,5.0,5.0,2021,2316.7008797653957
795,5.0,5.0,2022,2341.634259259259
796,5.0,5.0,2023,2337.3658536585367
797,5.0,6.0,2011,2461.0
798,5.0,6.0,2014,2400.0
799,5.0,6.0,2015,2401.231519507187
800,5.0,6.0,2016,2403.9015748031497
801,5.0,6.0,2017,2411.462085308057
802,5.0,6.0,2018,2419.0845771144277
803,5.0,6.0,2019,2437.3269961977185
804,5.0,6.0,2020,2443.0921501706484
805,5.0,6.0,2021,2455.371900826446
806,5.0,6.0,2022,2465.74931880109
807,5.0,6.0,2023,2478.348484848485
808,6.0,0.0,1951,3550.0
809,6.0,0.0,1952,5379.6
810,6.0,0.0,1953,2363.4285714285716
811,6.0,0.0,1954,3061.0
812,6.0,0.0,1955,3158.0
813,6.0,0.0,1956,3353.4347826086955
814,6.0,0.0,1957,2918.285714285714
815,6.0,0.0,1958,2617.75
816,6.0,0.0,1959,2978.0
817,6.0,0.0,1960,3067.75
818,6.0,0.0,1961,3238.5
819,6.0,0.0,1962,3071.0
820,6.0,0.0,1963,2757.5
821,6.0,0.0,1964,3144.4545454545455
822,6.0,0.0,1965,3090.75
823,6.0,0.0,1966,2836.1428571428573
824,6.0,0.0,1967,2794.4666666666667
825,6.0,0.0,1968,2660.1739130434785
826,6.0,0.0,1969,2733.409090909091
827,6.0,0.0,1970,2752.36
828,6.0,0.0,1971,2678.2272727272725
829,6.0,0.0,1972,2757.8518518518517
830,6.0,0.0,1973,2965.214285714286
831,6.0,0.0,1974,3049.1428571428573
832,6.0,0.0,1975,2900.6326530612246
833,6.0,0.0,1976,3058.0
834,6.0,0.0,1977,3266.3424657534247
835,6.0,0.0,1978,3146.445945945946
836,6.0,0.0,1979,3173.2738095238096
837,6.0,0.0,1980,3929.1315789473683
838,6.0,0.0,1981,3721.2988505747126
839,6.0,0.0,1982,3342.4691358024693
840,6.0,0.0,1983,3270.1674641148325
841,6.0,0.0,1984,2962.698675496689
842,6.0,0.0,1985,2974.516
843,6.0,0.0,1986,2789.9683840749412
844,6.0,0.0,1987,2772.450323974082
845,6.0,0.0,1988,2755.1803680981593
846,6.0,0.0,1989,2757.027918781726
847,6.0,0.0,1990,2829.445945945946
848,6.0,0.0,1991,2915.9100623330364
849,6.0,0.0,1992,2954.7186761229314
850,6.0,0.0,1993,2990.662870159453
851,6.0,0.0,1994,2899.21236133122
852,6.0,0.0,1995,2871.8089552238807
853,6.0,0.0,1996,2907.403947368421
854,6.0,0.0,1997,2980.32729468599
855,6.0,0.0,1998,3014.7531206657422
856,6.0,0.0,1999,2988.8893528183717
857,6.0,0.0,2000,3012.8265582655827
858,6.0,0.0,2001,3046.732673267327
859,6.0,0.0,2002,2999.7519083969464
860,6.0,0.0,2003,2937.228855721393
861,6.0,0.0,2004,3011.4444444444443
862,6.0,0.0,2005,2931.59726443769
863,6.0,0.0,2006,2978.7248858447488
864,6.0,0.0,2007,2992.426817752597
865,6.0,0.0,2008,2957.7299212598427
866,6.0,0.0,2009,2886.208832335329
867,6.0,0.0,2010,2932.1840148698884
868,6.0,0.0,2011,2951.932617769827
869,6.0,0.0,2012,2977.135356849877
870,6.0,0.0,2013,3031.0789889415482
871,6.0,0.0,2014,2998.243761996161
872,6.0,0.0,2015,3070.8582375478927
873,6.0,0.0,2016,3057.273631840796
874,6.0,0.0,2017,3098.573152337858
875,6.0,0.0,2018,3107.6643835616437
876,6.0,0.0,2019,3147.747225647349
877,6.0,0.0,2020,3042.0026490066225
878,6.0,0.0,2021,3053.3553971486763
879,6.0,0.0,2022,3075.948577680525
880,6.0,0.0,2023,2983.139037433155
881,6.0,1.0,1992,2925.1175213675215
882,6.0,1.0,1993,2880.7624190064794
883,6.0,1.0,1994,2874.010743801653
884,6.0,1.0,1995,2908.506511309116
885,6.0,1.0,1996,3162.237288135593
886,6.0,1.0,1997,3049.0089285714284
887,6.0,1.0,1998,3051.319018404908
888,6.0,1.0,1999,2970.9756097560976
889,6.0,1.0,2000,2864.484375
890,6.0,1.0,2001,2887.0750670241287
891,6.0,1.0,2002,2926.0457746478874
892,6.0,1.0,2003,2983.6239316239316
893,6.0,1.0,2004,3043.157894736842
894,6.0,1.0,2005,3049.557046979866
895,6.0,1.0,2006,3008.3464566929133
896,6.0,1.0,2007,3023.6067415730336
897,6.0,1.0,2008,3056.6142131979695
898,6.0,1.0,2009,3042.0
899,6.0,1.0,2010,3053.2396313364056
900,6.0,1.0,2011,3072.3072916666665
901,6.0,1.0,2012,2979.5546875
902,6.0,1.0,2013,3034.6588235294116
903,6.0,1.0,2014,3054.3516483516482
904,6.0,1.0,2015,3141.936936936937
905,6.0,1.0,2016,3113.02752293578
906,6.0,1.0,2017,3215.8703703703704
907,6.0,1.0,2018,3226.655172413793
908,6.0,1.0,2019,3316.709401709402
909,6.0,1.0,2020,3278.457142857143
910,6.0,1.0,2021,3037.7413793103447
911,6.0,1.0,2022,3110.470588235294
912,6.0,1.0,2023,3327.6666666666665
913,6.0,2.0,1994,2494.0
914,6.0,2.0,1995,2609.625
915,6.0,2.0,1996,2932.314585319352
916,6.0,2.0,1997,2920.1069587628867
917,6.0,2.0,1998,2758.267039674466
918,6.0,2.0,1999,2728.590689821515
919,6.0,2.0,2000,2909.051043053706
920,6.0,2.0,2001,3001.9293333333335
921,6.0,2.0,2002,2923.220113851992
922,6.0,2.0,2003,2928.3992673992675
923,6.0,2.0,2004,2896.036809815951
924,6.0,2.0,2005,2897.7528957528957
925,6.0,2.0,2006,2942.639431616341
926,6.0,2.0,2007,2937.9812138728325
927,6.0,2.0,2008,2887.3498349834986
928,6.0,2.0,2009,2888.271186440678
929,6.0,2.0,2010,2875.6174496644294
930,6.0,2.0,2011,2923.258160237389
931,6.0,2.0,2012,2885.125
932,6.0,2.0,2013,2911.6511627906975
933,6.0,2.0,2014,2881.8356164383563
934,6.0,2.0,2015,2911.565789473684
935,6.0,2.0,2016,2979.277777777778
936,6.0,2.0,2017,2975.544794188862
937,6.0,2.0,2018,2994.875930521092
938,6.0,2.0,2019,3013.9579831932774
939,6.0,2.0,2020,2970.8727272727274
940,6.0,2.0,2021,3114.452961672474
941,6.0,2.0,2022,3019.780082987552
942,6.0,2.0,2023,2764.340909090909
943,6.0,4.0,1999,2583.0
944,6.0,4.0,2000,2583.475679542203
945,6.0,4.0,2001,2756.839924670433
946,6.0,4.0,2002,2852.8215552523875
947,6.0,4.0,2003,2958.260647870426
948,6.0,4.0,2004,2989.06717512467
949,6.0,4.0,2005,3054.9158286778397
950,6.0,4.0,2006,3077.0473263675476
951,6.0,4.0,2007,3018.0322019147084
952,6.0,4.0,2008,3001.2132132132133
953,6.0,4.0,2009,2965.652688172043
954,6.0,4.0,2010,2928.2451456310678
955,6.0,4.0,2011,2942.2894280762566
956,6.0,4.0,2012,2965.3815165876777
957,6.0,4.0,2013,2915.7366771159873
958,6.0,4.0,2014,2945.05604719764
959,6.0,4.0,2015,2928.2028688524592
960,6.0,4.0,2016,2928.283950617284
961,6.0,4.0,2017,2938.079120879121
962,6.0,4.0,2018,2980.299369747899
963,6.0,4.0,2019,3020.7647679324896
964,6.0,4.0,2020,2969.811697574893
965,6.0,4.0,2021,2978.399375975039
966,6.0,4.0,2022,3081.570552147239
967,6.0,4.0,2023,3002.106796116505
968,6.0,4.0,1996,2792.0
969,6.0,4.0,2000,2625.470588235294
970,6.0,4.0,2001,2717.8563535911603
971,6.0,4.0,2002,2665.9572039942936
972,6.0,4.0,2003,2737.9906256368454
973,6.0,4.0,2004,2756.905173820793
974,6.0,4.0,2005,2846.216748194736
975,6.0,4.0,2006,2910.5938648209863
976,6.0,4.0,2007,2993.0582622187744
977,6.0,4.0,2008,3040.60736196319
978,6.0,4.0,2009,3060.8536442293594
979,6.0,4.0,2010,3078.71198568873
980,6.0,4.0,2011,3063.9104777197913
981,6.0,4.0,2012,3063.565796779567
982,6.0,4.0,2013,3066.770819883796
983,6.0,4.0,2014,3047.227972027972
984,6.0,4.0,2015,3008.8635187580853
985,6.0,4.0,2016,2979.99831555306
986,6.0,4.0,2017,2986.94964028777
987,6.0,4.0,2018,2989.555647496897
988,6.0,4.0,2019,2978.707106399686
989,6.0,4.0,2020,2993.8841201716737
990,6.0,4.0,2021,3023.176853526221
991,6.0,4.0,2022,3077.120386643234
992,6.0,4.0,2023,3045.458904109589
993,6.0,5.0,2008,3124.9024390243903
994,6.0,5.0,2009,3043.162624035281
995,6.0,5.0,2010,3053.591637195756
996,6.0,5.0,2011,3049.5927538267097
997,6.0,5.0,2012,3085.457250286088
998,6.0,5.0,2013,3103.0266642481406
999,6.0,5.0,2014,3085.9570768214835
1000,6.0,5.0,2015,3094.3043355855857
1001,6.0,5.0,2016,3091.1136923618446
1002,6.0,5.0,2017,3086.051349572087
1003,6.0,5.0,2018,3089.514904187367
1004,6.0,5.0,2019,3087.041141897565
1005,6.0,5.0,2020,3108.1076555023924
1006,6.0,5.0,2021,3120.3732276897413
1007,6.0,5.0,2022,3143.373803827751
1008,6.0,5.0,2023,3164.9850299401196
1009,6.0,6.0,1968,2458.0
1010,6.0,6.0,2009,2987.8
1011,6.0,6.0,2010,2973.6060606060605
1012,6.0,6.0,2011,2985.678899082569
1013,6.0,6.0,2012,2986.91884057971
1014,6.0,6.0,2013,3029.1944444444443
1015,6.0,6.0,2014,3067.8022988505745
1016,6.0,6.0,2015,3067.864311431143
1017,6.0,6.0,2016,3042.335938989514
1018,6.0,6.0,2017,3022.40411404765
1019,6.0,6.0,2018,3030.7424062648315
1020,6.0,6.0,2019,3019.1143118427067
1021,6.0,6.0,2020,3031.660637576306
1022,6.0,6.0,2021,3038.884596577017
1023,6.0,6.0,2022,3060.1644241451672
1024,6.0,6.0,2023,3066.9054054054054
1025,7.0,0.0,2009,1997.0
1026,7.0,0.0,2020,1990.0
1027,7.0,4.0,2008,1895.0
1028,8.0,0.0,1952,3673.3333333333335
1029,8.0,0.0,1954,4265.75
1030,8.0,0.0,1955,4892.5
1031,8.0,0.0,1956,3759.75
1032,8.0,0.0,1957,5237.666666666667
1033,8.0,0.0,1959,5400.0
1034,8.0,0.0,1960,4261.0
1035,8.0,0.0,1961,6767.0
1036,8.0,0.0,1962,5000.0
1037,8.0,0.0,1963,5316.0
1038,8.0,0.0,1964,4392.5
1039,8.0,0.0,1965,5602.0
1040,8.0,0.0,1966,5364.0
1041,8.0,0.0,1967,4753.375
1042,8.0,0.0,1968,5304.9
1043,8.0,0.0,1969,5547.7
1044,8.0,0.0,1970,5602.777777777777
1045,8.0,0.0,1971,4405.2
1046,8.0,0.0,1972,5111.461538461538
1047,8.0,0.0,1973,4966.2
1048,8.0,0.0,1974,5209.470588235294
1049,8.0,0.0,1975,5110.142857142857
1050,8.0,0.0,1976,5120.575757575758
1051,8.0,0.0,1977,5592.173913043478
1052,8.0,0.0,1978,5349.692307692308
1053,8.0,0.0,1979,5237.414141414141
1054,8.0,0.0,1980,5184.855555555556
1055,8.0,0.0,1981,5040.6
1056,8.0,0.0,1982,4826.648648648648
1057,8.0,0.0,1983,4752.660714285715
1058,8.0,0.0,1984,4093.1
1059,8.0,0.0,1985,3832.484375
1060,8.0,0.0,1986,4360.08904109589
1061,8.0,0.0,1987,4733.624390243903
1062,8.0,0.0,1988,4903.691358024691
1063,8.0,0.0,1989,4702.314285714286
1064,8.0,0.0,1990,4930.731343283582
1065,8.0,0.0,1991,5073.90365448505
1066,8.0,0.0,1992,4956.095617529881
1067,8.0,0.0,1993,5075.070833333333
1068,8.0,0.0,1994,4931.662447257384
1069,8.0,0.0,1995,4987.471204188481
1070,8.0,0.0,1996,5025.904214559387
1071,8.0,0.0,1997,4848.0
1072,8.0,0.0,1998,4995.1614173228345
1073,8.0,0.0,1999,4980.340314136126
1074,8.0,0.0,2000,5182.829629629629
1075,8.0,0.0,2001,4946.954248366013
1076,8.0,0.0,2002,5009.825757575758
1077,8.0,0.0,2003,5072.826446280992
1078,8.0,0.0,2004,5235.9496855345915
1079,8.0,0.0,2005,5188.034420289855
1080,8.0,0.0,2006,5132.824644549763
1081,8.0,0.0,2007,5166.61646234676
1082,8.0,0.0,2008,5166.954706298656
1083,8.0,0.0,2009,5189.685867895545
1084,8.0,0.0,2010,5103.759447674419
1085,8.0,0.0,2011,5160.7812257564
1086,8.0,0.0,2012,5205.8580310880825
1087,8.0,0.0,2013,5302.0472103004295
1088,8.0,0.0,2014,5375.031512605042
1089,8.0,0.0,2015,5386.365048543689
1090,8.0,0.0,2016,5350.168614357262
1091,8.0,0.0,2017,5341.93567251462
1092,8.0,0.0,2018,5330.477737665463
1093,8.0,0.0,2019,5366.038961038961
1094,8.0,0.0,2020,5354.20506329114
1095,8.0,0.0,2021,5321.050136736554
1096,8.0,0.0,2022,5331.337104072398
1097,8.0,0.0,2023,5288.2962962962965
1098,8.0,1.0,1992,4368.788888888889
1099,8.0,1.0,1993,4534.322916666667
1100,8.0,1.0,1994,4265.970588235294
1101,8.0,1.0,1995,4335.575862068966
1102,8.0,1.0,1996,4812.264705882353
1103,8.0,1.0,1997,4712.2
1104,8.0,1.0,1998,4997.066666666667
1105,8.0,1.0,1999,4653.065217391304
1106,8.0,1.0,2000,4890.107692307693
1107,8.0,1.0,2001,4869.923076923077
1108,8.0,1.0,2002,4727.510638297872
1109,8.0,1.0,2003,4622.340425531915
1110,8.0,1.0,2004,4873.72
1111,8.0,1.0,2005,4934.75
1112,8.0,1.0,2006,4677.619047619048
1113,8.0,1.0,2007,4821.710526315789
1114,8.0,1.0,2008,4578.478873239436
1115,8.0,1.0,2009,4570.375
1116,8.0,1.0,2010,4482.758620689655
1117,8.0,1.0,2011,4606.851851851852
1118,8.0,1.0,2012,4527.153846153846
1119,8.0,1.0,2013,4596.055555555556
1120,8.0,1.0,2014,4686.789473684211
1121,8.0,1.0,2015,4728.323529411765
1122,8.0,1.0,2016,4901.96
1123,8.0,1.0,2017,5106.725
1124,8.0,1.0,2018,5051.340909090909
1125,8.0,1.0,2019,4405.90625
1126,8.0,1.0,2020,4854.05
1127,8.0,1.0,2021,4940.553191489362
1128,8.0,1.0,2022,4934.466666666666
1129,8.0,1.0,2023,5020.0
1130,8.0,2.0,1996,4593.14
1131,8.0,2.0,1997,4527.425837320574
1132,8.0,2.0,1998,4165.724503311259
1133,8.0,2.0,1999,4249.224924012158
1134,8.0,2.0,2000,4204.075351213282
1135,8.0,2.0,2001,4391.461111111111
1136,8.0,2.0,2002,4505.71974522293
1137,8.0,2.0,2003,4564.818181818182
1138,8.0,2.0,2004,4580.104166666667
1139,8.0,2.0,2005,4581.860606060606
1140,8.0,2.0,2006,4459.597122302158
1141,8.0,2.0,2007,4477.284722222223
1142,8.0,2.0,2008,4561.337423312883
1143,8.0,2.0,2009,4766.2874251497005
1144,8.0,2.0,2010,4568.5
1145,8.0,2.0,2011,4346.619469026548
1146,8.0,2.0,2012,4392.85046728972
1147,8.0,2.0,2013,4378.623076923077
1148,8.0,2.0,2014,4469.509554140127
1149,8.0,2.0,2015,4393.958823529411
1150,8.0,2.0,2016,4575.651960784314
1151,8.0,2.0,2017,4530.352272727273
1152,8.0,2.0,2018,4610.841463414634
1153,8.0,2.0,2019,4684.7155172413795
1154,8.0,2.0,2020,4682.1509433962265
1155,8.0,2.0,2021,4782.972727272727
1156,8.0,2.0,2022,4651.627906976744
1157,8.0,2.0,2023,4208.631578947368
1158,8.0,4.0,2000,4432.753393665158
1159,8.0,4.0,2001,4322.349413298566
1160,8.0,4.0,2002,4356.52743902439
1161,8.0,4.0,2003,4303.030341340076
1162,8.0,4.0,2004,4424.654520917678
1163,8.0,4.0,2005,4468.085551330799
1164,8.0,4.0,2006,4430.869942196532
1165,8.0,4.0,2007,4434.349152542373
1166,8.0,4.0,2008,4518.0625
1167,8.0,4.0,2009,4593.771812080537
1168,8.0,4.0,2010,4662.5137254901965
1169,8.0,4.0,2011,4526.822580645161
1170,8.0,4.0,2012,4487.246987951808
1171,8.0,4.0,2013,4587.082644628099
1172,8.0,4.0,2014,4531.428571428572
1173,8.0,4.0,2015,4519.183098591549
1174,8.0,4.0,2016,4597.360465116279
1175,8.0,4.0,2017,4567.539845758355
1176,8.0,4.0,2018,4584.594936708861
1177,8.0,4.0,2019,4568.535143769968
1178,8.0,4.0,2020,4711.490683229814
1179,8.0,4.0,2021,4742.573298429319
1180,8.0,4.0,2022,4701.948148148148
1181,8.0,4.0,2023,4775.588235294118
1182,8.0,4.0,2000,4244.6
1183,8.0,4.0,2001,4451.087248322147
1184,8.0,4.0,2002,4611.196110210697
1185,8.0,4.0,2003,4499.747761194029
1186,8.0,4.0,2004,4504.435546875
1187,8.0,4.0,2005,4631.277115987461
1188,8.0,4.0,2006,4681.024489795918
1189,8.0,4.0,2007,4649.872727272727
1190,8.0,4.0,2008,4622.020786516854
1191,8.0,4.0,2009,4679.75350877193
1192,8.0,4.0,2010,4684.9671052631575
1193,8.0,4.0,2011,4668.134959349593
1194,8.0,4.0,2012,4663.688659793815
1195,8.0,4.0,2013,4686.719730941704
1196,8.0,4.0,2014,4733.253846153846
1197,8.0,4.0,2015,4740.926773455378
1198,8.0,4.0,2016,4767.3156899810965
1199,8.0,4.0,2017,4733.502354788069
1200,8.0,4.0,2018,4739.951715374841
1201,8.0,4.0,2019,4753.563424947146
1202,8.0,4.0,2020,4752.8158379373845
1203,8.0,4.0,2021,4768.527186761229
1204,8.0,4.0,2022,4788.2891666666665
1205,8.0,4.0,2023,4753.246696035242
1206,8.0,5.0,2008,4395.0
1207,8.0,5.0,2009,4750.595959595959
1208,8.0,5.0,2010,4774.137152777777
1209,8.0,5.0,2011,4695.132564841499
1210,8.0,5.0,2012,4721.120466321244
1211,8.0,5.0,2013,4580.6933187294635
1212,8.0,5.0,2014,4590.937634408602
1213,8.0,5.0,2015,4637.79781420765
1214,8.0,5.0,2016,4650.501519756839
1215,8.0,5.0,2017,4645.6377551020405
1216,8.0,5.0,2018,4678.022764227642
1217,8.0,5.0,2019,4732.134615384615
1218,8.0,5.0,2020,4800.611445783133
1219,8.0,5.0,2021,4815.083028083028
1220,8.0,5.0,2022,4878.11964549483
1221,8.0,5.0,2023,4833.915094339623
1222,8.0,6.0,2005,4398.0
1223,8.0,6.0,2012,4395.0
1224,8.0,6.0,2013,4638.411764705882
1225,8.0,6.0,2014,4627.040404040404
1226,8.0,6.0,2015,4512.476635514019
1227,8.0,6.0,2016,4463.923456790123
1228,8.0,6.0,2017,4343.989873417721
1229,8.0,6.0,2018,4286.417954815695
1230,8.0,6.0,2019,4319.7902168431665
1231,8.0,6.0,2020,4285.086251067463
1232,8.0,6.0,2021,4283.466346153846
1233,8.0,6.0,2022,4277.635303913406
1234,8.0,6.0,2023,4291.7415254237285
1235,10.0,0.0,2005,7994.0
1236,10.0,1.0,1994,7990.0
1237,10.0,1.0,1996,7990.0
1238,10.0,1.0,1998,7990.0
1239,10.0,1.0,2001,7990.0
1240,10.0,1.0,2002,7990.0
1241,10.0,1.0,2004,7990.0
1242,10.0,1.0,2006,7992.0
1243,10.0,1.0,2008,7990.0
1244,10.0,1.0,2010,7995.0
1245,10.0,1.0,2011,8000.0
1246,10.0,1.0,2013,8200.0
1247,10.0,1.0,2018,7990.0
1248,10.0,1.0,2019,7994.0
1249,10.0,1.0,2020,7995.0
1250,10.0,1.0,2022,7998.0
1251,10.0,2.0,1997,7990.0
1252,10.0,2.0,1998,7990.0
1253,10.0,2.0,1999,7990.0
1254,10.0,2.0,2005,7990.0
1255,10.0,2.0,2007,8000.0
1256,10.0,2.0,2008,7990.0
1257,10.0,2.0,2009,6800.0
1258,10.0,2.0,2013,7391.0
1259,10.0,2.0,2014,6800.0
1260,10.0,2.0,2015,7994.0
1261,10.0,2.0,2016,8000.0
1262,10.0,2.0,2017,7990.0
1263,10.0,2.0,2018,7398.5
1264,10.0,2.0,2021,7020.166666666667
1265,10.0,2.0,2022,6800.0
1266,10.0,4.0,2003,4921.0
1267,10.0,4.0,2004,4932.285714285715
1268,10.0,4.0,2005,5138.25
1269,10.0,4.0,2006,5672.111111111111
1270,10.0,4.0,2007,6168.0
1271,10.0,4.0,2008,5740.125
1272,10.0,4.0,2009,6306.5
1273,10.0,4.0,2010,7070.25
1274,10.0,4.0,2011,6978.125
1275,10.0,4.0,2012,6388.0
1276,10.0,4.0,2013,5532.666666666667
1277,10.0,4.0,2015,4961.0
1278,10.0,4.0,2016,4961.0
1279,10.0,4.0,2017,5976.0
1280,10.0,4.0,2018,6199.714285714285
1281,10.0,4.0,2019,6607.0
1282,10.0,4.0,2020,5912.2
1283,10.0,4.0,2021,6537.0
1284,10.0,4.0,2022,6475.5
1285,10.0,4.0,2023,7990.0
1286,10.0,4.0,2004,5733.0
1287,10.0,4.0,2005,5038.641025641025
1288,10.0,4.0,2006,5105.698275862069
1289,10.0,4.0,2007,5136.217054263566
1290,10.0,4.0,2008,5128.73
1291,10.0,4.0,2009,5151.514705882353
1292,10.0,4.0,2010,5246.591836734694
1293,10.0,4.0,2011,5183.66
1294,10.0,4.0,2012,5095.0
1295,10.0,4.0,2013,5318.884615384615
1296,10.0,4.0,2014,5050.757575757576
1297,10.0,4.0,2015,5206.027777777777
1298,10.0,4.0,2016,5139.777777777777
1299,10.0,4.0,2017,5180.120689655172
1300,10.0,4.0,2018,5086.507462686567
1301,10.0,4.0,2019,5150.375
1302,10.0,4.0,2020,5149.808219178082
1303,10.0,4.0,2021,5144.887640449439
1304,10.0,4.0,2022,5222.424657534247
1305,10.0,4.0,2023,5046.5
1306,10.0,5.0,2011,6756.0
1307,10.0,5.0,2012,5204.0
1308,10.0,5.0,2013,5204.0
1309,10.0,5.0,2014,5159.666666666667
1310,10.0,5.0,2015,5268.777777777777
1311,10.0,5.0,2016,5204.0
1312,10.0,5.0,2017,5204.0
1313,10.0,5.0,2018,5488.727272727273
1314,10.0,5.0,2019,5500.5
1315,10.0,5.0,2020,5715.5
1316,10.0,5.0,2021,5191.1875
1317,10.0,5.0,2022,5571.2307692307695
1318,10.0,5.0,2023,5204.0
1319,10.0,6.0,2015,5204.0
1320,10.0,6.0,2016,5204.0
1321,10.0,6.0,2017,5204.0
1322,10.0,6.0,2018,5253.875
1323,10.0,6.0,2019,5253.875
1324,10.0,6.0,2020,5391.764705882353
1325,10.0,6.0,2021,5251.462686567164
1326,10.0,6.0,2022,5204.0
1327,10.0,6.0,2023,5204.0
1328,12.0,0.0,1952,2563.0
1329,12.0,0.0,1963,3000.0
1330,12.0,0.0,1972,5265.5
1331,12.0,0.0,1973,5321.5
1332,12.0,0.0,1975,4871.666666666667
1333,12.0,0.0,1976,2954.0
1334,12.0,0.0,1977,5300.0
1335,12.0,0.0,1978,5345.0
1336,12.0,0.0,1979,5344.2
1337,12.0,0.0,1980,5344.0
1338,12.0,0.0,1981,5345.0
1339,12.0,0.0,1982,5345.0
1340,12.0,0.0,1983,5345.0
1341,12.0,0.0,1984,5333.66
1342,12.0,0.0,1985,5306.714285714285
1343,12.0,0.0,1986,5321.807692307692
1344,12.0,0.0,1987,5309.818181818182
1345,12.0,0.0,1988,5225.117647058823
1346,12.0,0.0,1989,5221.955555555555
1347,12.0,0.0,1990,5186.428571428572
1348,12.0,0.0,1991,5192.0
1349,12.0,0.0,1992,5355.0
1350,12.0,0.0,1993,5360.444444444444
1351,12.0,0.0,1994,5262.545454545455
1352,12.0,0.0,1995,5291.28125
1353,12.0,0.0,1996,5247.0392156862745
1354,12.0,0.0,1997,5202.6
1355,12.0,0.0,1998,5220.985074626866
1356,12.0,0.0,1999,5214.0
1357,12.0,0.0,2000,5172.2962962962965
1358,12.0,0.0,2001,5318.222222222223
1359,12.0,0.0,2002,5263.684210526316
1360,12.0,0.0,2003,5266.375
1361,12.0,0.0,2004,5247.818181818182
1362,12.0,0.0,2005,5049.95
1363,12.0,0.0,2006,5089.16
1364,12.0,0.0,2007,5745.195121951219
1365,12.0,0.0,2008,5169.551020408163
1366,12.0,0.0,2009,5238.958333333333
1367,12.0,0.0,2010,5063.727272727273
1368,12.0,0.0,2011,5262.176470588235
1369,12.0,0.0,2012,5105.833333333333
1370,12.0,0.0,2013,4978.421052631579
1371,12.0,0.0,2014,5043.636363636364
1372,12.0,0.0,2015,5155.133333333333
1373,12.0,0.0,2016,4803.178571428572
1374,12.0,0.0,2017,4880.461538461538
1375,12.0,0.0,2018,5015.317073170731
1376,12.0,0.0,2019,4922.781818181818
1377,12.0,0.0,2020,5153.078431372549
1378,12.0,0.0,2021,4770.590909090909
1379,12.0,0.0,2022,4690.96875
1380,12.0,0.0,2023,4230.25
1381,12.0,1.0,1992,5343.285714285715
1382,12.0,1.0,1993,5594.6
1383,12.0,1.0,1994,5887.365384615385
1384,12.0,1.0,1995,5942.068965517241
1385,12.0,1.0,1996,5726.0
1386,12.0,1.0,1997,5610.714285714285
1387,12.0,1.0,1998,5816.0
1388,12.0,1.0,1999,5588.2307692307695
1389,12.0,1.0,2000,5767.25
1390,12.0,1.0,2001,5843.0
1391,12.0,1.0,2002,5496.384615384615
1392,12.0,1.0,2003,5565.928571428572
1393,12.0,1.0,2004,5637.363636363636
1394,12.0,1.0,2005,5522.6
1395,12.0,1.0,2006,5154.0
1396,12.0,1.0,2007,5814.5
1397,12.0,1.0,2008,5672.315789473684
1398,12.0,1.0,2009,5680.7
1399,12.0,1.0,2010,5678.722222222223
1400,12.0,1.0,2011,5817.45
1401,12.0,1.0,2012,5668.9
1402,12.0,1.0,2013,5584.153846153846
1403,12.0,1.0,2014,5772.285714285715
1404,12.0,1.0,2015,5465.0
1405,12.0,1.0,2016,5683.0
1406,12.0,1.0,2017,5360.375
1407,12.0,1.0,2018,5460.0
1408,12.0,1.0,2019,5656.0
1409,12.0,1.0,2020,5527.454545454545
1410,12.0,1.0,2021,5775.5
1411,12.0,1.0,2022,5773.8
1412,12.0,1.0,2023,5727.0
1413,12.0,2.0,1994,5786.0
1414,12.0,2.0,1996,5983.188679245283
1415,12.0,2.0,1997,5937.736842105263
1416,12.0,2.0,1998,5492.423076923077
1417,12.0,2.0,1999,5533.518518518518
1418,12.0,2.0,2000,5690.742857142857
1419,12.0,2.0,2001,5592.142857142857
1420,12.0,2.0,2002,5468.333333333333
1421,12.0,2.0,2003,5509.2
1422,12.0,2.0,2004,5639.222222222223
1423,12.0,2.0,2005,5613.125
1424,12.0,2.0,2006,5560.0
1425,12.0,2.0,2007,5544.0
1426,12.0,2.0,2008,5589.714285714285
1427,12.0,2.0,2009,5572.666666666667
1428,12.0,2.0,2010,5622.888888888889
1429,12.0,2.0,2011,5434.2
1430,12.0,2.0,2012,5695.875
1431,12.0,2.0,2013,5784.333333333333
1432,12.0,2.0,2014,5775.0
1433,12.0,2.0,2015,5515.909090909091
1434,12.0,2.0,2016,5555.833333333333
1435,12.0,2.0,2017,5393.5
1436,12.0,2.0,2018,5637.0
1437,12.0,2.0,2019,5702.928571428572
1438,12.0,2.0,2020,5409.375
1439,12.0,2.0,2021,5638.363636363636
1440,12.0,2.0,2022,5651.357142857143
1441,12.0,2.0,2023,5577.75
1442,12.0,4.0,2000,5689.367346938776
1443,12.0,4.0,2001,5752.25
1444,12.0,4.0,2002,5829.892857142857
1445,12.0,4.0,2003,5793.178571428572
1446,12.0,4.0,2004,5573.3125
1447,12.0,4.0,2005,5824.307692307692
1448,12.0,4.0,2006,5881.0
1449,12.0,4.0,2007,5773.5625
1450,12.0,4.0,2008,5946.866666666667
1451,12.0,4.0,2009,6088.833333333333
1452,12.0,4.0,2010,5742.210526315789
1453,12.0,4.0,2011,5513.5
1454,12.0,4.0,2012,5867.909090909091
1455,12.0,4.0,2013,5799.428571428572
1456,12.0,4.0,2014,5729.285714285715
1457,12.0,4.0,2015,5749.761904761905
1458,12.0,4.0,2016,5785.384615384615
1459,12.0,4.0,2017,5851.65
1460,12.0,4.0,2018,5735.441176470588
1461,12.0,4.0,2019,5811.813953488372
1462,12.0,4.0,2020,5742.592592592592
1463,12.0,4.0,2021,5958.578947368421
1464,12.0,4.0,2022,5766.2
1465,12.0,4.0,2023,5838.5
1466,12.0,4.0,2001,5891.0
1467,12.0,4.0,2002,5878.75
1468,12.0,4.0,2003,5834.417910447762
1469,12.0,4.0,2004,5943.313131313132
1470,12.0,4.0,2005,5955.5321637426905
1471,12.0,4.0,2006,5894.938202247191
1472,12.0,4.0,2007,5919.3828125
1473,12.0,4.0,2008,5946.680555555556
1474,12.0,4.0,2009,5909.861386138614
1475,12.0,4.0,2010,5926.134146341464
1476,12.0,4.0,2011,5945.617021276596
1477,12.0,4.0,2012,5947.311111111111
1478,12.0,4.0,2013,5933.6
1479,12.0,4.0,2014,5941.555555555556
1480,12.0,4.0,2015,5912.851851851852
1481,12.0,4.0,2016,5911.56338028169
1482,12.0,4.0,2017,5954.070422535211
1483,12.0,4.0,2018,5978.369047619048
1484,12.0,4.0,2019,5956.711111111111
1485,12.0,4.0,2020,5943.380530973452
1486,12.0,4.0,2021,5947.956896551724
1487,12.0,4.0,2022,5926.288888888889
1488,12.0,4.0,2023,5809.0
1489,12.0,5.0,2009,5972.0
1490,12.0,5.0,2010,6085.387096774193
1491,12.0,5.0,2011,6017.96
1492,12.0,5.0,2012,6102.586206896552
1493,12.0,5.0,2013,6075.298245614035
1494,12.0,5.0,2014,6086.818181818182
1495,12.0,5.0,2015,6090.6511627906975
1496,12.0,5.0,2016,6164.222222222223
1497,12.0,5.0,2017,6135.744680851064
1498,12.0,5.0,2018,6115.45652173913
1499,12.0,5.0,2019,6137.4047619047615
1500,12.0,5.0,2020,6119.450980392156
1501,12.0,5.0,2021,6099.021276595745
1502,12.0,5.0,2022,6100.5
1503,12.0,5.0,2023,6168.0
1504,12.0,6.0,2013,6096.0
1505,12.0,6.0,2014,6126.225
1506,12.0,6.0,2015,6158.78125
1507,12.0,6.0,2016,6124.65625
1508,12.0,6.0,2017,5938.0
1509,12.0,6.0,2018,6197.4
1510,12.0,6.0,2019,6066.0
1511,12.0,6.0,2020,6056.894117647059
1512,12.0,6.0,2021,6155.354545454546
1513,12.0,6.0,2022,6162.471153846154
1514,12.0,6.0,2023,6153.0
1515,14.0,4.0,2012,1587.0
1516,15.0,0.0,2017,1570.0
1517,15.0,4.0,2016,1598.0
1518,15.0,5.0,2021,1596.0
1519,16.0,0.0,2010,7111.0
1520,16.0,0.0,2021,8042.0
1521,16.0,0.0,2022,7413.0
1522,16.0,4.0,2007,7993.0
1523,16.0,4.0,2013,7993.0
1524,16.0,4.0,2015,7993.0
1525,16.0,4.0,2019,7993.0
1526,16.0,5.0,2014,7993.0
1527,16.0,6.0,2017,7993.0
1528,16.0,6.0,2018,7993.0
1529,16.0,6.0,2022,7993.0
1530,17.0,0.0,2014,1797.0
